Id,Aruba,Afghanistan,Angola,Albania,Andorra,United Arab Emirates,Argentina,Armenia,American Samoa,Antigua and Barbuda,Australia,Austria,Azerbaijan,Burundi,Belgium,Benin,Burkina Faso,Bangladesh,Bulgaria,Bahrain,"Bahamas, The",Bosnia and Herzegovina,Belarus,Belize,Bermuda,Bolivia,Brazil,Barbados,Brunei Darussalam,Bhutan,Botswana,Central African Republic,Canada,Switzerland,Channel Islands,Chile,China,Cote d'Ivoire,Cameroon,"Congo, Dem. Rep.","Congo, Rep.",Colombia,Comoros,Cabo Verde,Costa Rica,Cuba,Curacao,Cayman Islands,Cyprus,Czech Republic,Germany,Djibouti,Dominica,Denmark,Dominican Republic,Algeria,Ecuador,"Egypt, Arab Rep.",Spain,Estonia,Ethiopia,Finland,Fiji,France,Faroe Islands,"Micronesia, Fed. Sts.",Gabon,United Kingdom,Georgia,Ghana,Gibraltar,Guinea,"Gambia, The",Guinea-Bissau,Equatorial Guinea,Greece,Grenada,Greenland,Guatemala,Guam,Guyana,"Hong Kong SAR, China",Honduras,Croatia,Haiti,Hungary,Indonesia,Isle of Man,India,Ireland,"Iran, Islamic Rep.",Iraq,Iceland,Israel,Italy,Jamaica,Jordan,Japan,Kazakhstan,Kenya,Kyrgyz Republic,Cambodia,Kiribati,St. Kitts and Nevis,"Korea, Rep.",Lao PDR,Lebanon,Liberia,Libya,St. Lucia,Liechtenstein,Sri Lanka,Lesotho,Lithuania,Luxembourg,Latvia,"Macao SAR, China",St. Martin (French part),Morocco,Monaco,Moldova,Madagascar,Maldives,Mexico,Marshall Islands,"Macedonia, FYR",Mali,Malta,Myanmar,Montenegro,Mongolia,Northern Mariana Islands,Mozambique,Mauritania,Mauritius,Malawi,Malaysia,Namibia,New Caledonia,Niger,Nigeria,Nicaragua,Netherlands,Norway,Nepal,Nauru,New Zealand,Oman,Pakistan,Panama,Peru,Philippines,Palau,Papua New Guinea,Poland,Puerto Rico,"Korea, Dem. People's Rep.",Portugal,Paraguay,French Polynesia,Qatar,Romania,Russian Federation,Rwanda,Saudi Arabia,Sudan,Senegal,Singapore,Solomon Islands,Sierra Leone,El Salvador,San Marino,Somalia,South Sudan,Sao Tome and Principe,Suriname,Slovak Republic,Slovenia,Sweden,Swaziland,Seychelles,Syrian Arab Republic,Turks and Caicos Islands,Chad,Togo,Thailand,Tajikistan,Turkmenistan,Timor-Leste,Tonga,Trinidad and Tobago,Tunisia,Turkey,Tuvalu,Tanzania,Uganda,Ukraine,Uruguay,United States,Uzbekistan,St. Vincent and the Grenadines,"Venezuela, RB",British Virgin Islands,Virgin Islands (U.S.),Vietnam,Vanuatu,Samoa,Kosovo,"Yemen, Rep.",South Africa,Zambia,Zimbabwe
1960,54211,8996351,5643182,1608800,13411,92634,20619075,1874120,20013,55339,10276477,7047539,3895396,2786106,9153489,2431622,4829288,48199747,7867374,162427,109528,3225668,8198000,92064,44400,3693449,72207554,230939,81745,223288,524552,1503508,17909009,5327827,109420,7716625,667070000,3558988,5176268,15248251,1037220,16480383,191121,202310,1333040,7141135,124826,7865,572930,9602006,72814900,83636,60011,4579603,3294042,11124888,4545550,26996533,30455000,1211537,22151278,4429634,393386,46814237,34661,44537,499184,52400000,3645600,6652287,23394,3577409,367928,616409,255323,8331725,89869,32500,4210747,66742,571819,3075605,2038637,4140000,3866159,9983967,87792515,48442,449480608,2828600,21906903,7289761,175574,2114020,50199700,1628252,932257,92500572,9714260,8105440,2172300,5722370,41233,51195,25012374,2120896,1804926,1120313,1448417,89897,16495,9874481,851591,2778550,313970,2120979,167796,4279,12328532,22452,2544000,5099373,89887,38174112,14662,1488667,5263733,326550,20986123,480579,955505,10035,7388695,858168,659351,3618595,8157106,602544,79000,3388764,45137812,1774699,11486631,3581239,10063011,4433,2371800,551740,44908293,1132921,10061515,26273025,9642,2010677,29637450,2358000,11424176,8857716,1902875,78076,47384,18406905,119897000,2933428,4086539,7544491,3206749,1646400,117866,2297110,2762899,15397,2755947,2955152,64253,289966,4068095,1584720,7484656,349174,41700,4573512,5726,3001593,1580513,27397175,2087038,1603258,499950,61601,848479,4176266,27472331,6104,10074507,6788214,42662149,2538651,180671000,8549493,80949,8146847,8033,32500,32670629,63699,108646,947000,5172135,17456855,3044846,3747369
1961,55438,9166764,5753024,1659800,14375,101078,20953077,1941491,20486,56144,10483000,7086299,4030320,2839666,9183948,2465867,4894580,49592802,7943118,167894,115108,3288602,8271216,94703,45500,3764813,74351763,231678,85596,228918,537249,1529227,18271000,5434294,110399,7890156,660330000,3694205,5285231,15637733,1064111,16982315,194139,205956,1381917,7289826,126125,8026,576395,9586651,73377632,88498,61032,4611687,3406299,11404859,4676859,27744712,30739250,1225077,22671190,4461005,407156,47444751,35115,45955,504167,52800000,3703600,6866539,23786,3633652,376737,623415,258947,8398050,91260,33700,4336143,68072,589274,3168100,2096407,4171672,3943364,10029321,90138235,48281,458494963,2824400,22480418,7475352,179029,2185000,50536350,1650806,973083,94943000,10129861,8361441,2255900,5873015,42257,51193,25765673,2170343,1864605,1144986,1498071,90914,16894,10111646,866462,2823550,316845,2152681,170465,4453,12710547,22808,2605000,5223568,92350,39394126,15051,1507654,5322266,325250,21438025,491140,982178,10302,7541325,883221,680757,3700023,8418460,617277,81200,3486295,46062905,1830400,11638712,3609800,10221759,4675,2419700,564890,45984892,1167035,10350242,27164617,9900,2051947,29964000,2399722,11665595,8929316,1953328,80703,51421,18555250,121236000,2996096,4218879,7769482,3295293,1702400,121396,2329204,2843240,15789,2814096,3011110,64551,298188,4191667,1594131,7519998,357453,42889,4721896,5763,3060355,1597526,28224204,2159123,1658362,508845,63745,865360,4235937,28146893,6246,10373398,7006633,43203635,2571690,183691000,8837349,82142,8461685,8155,34300,33666772,65713,112119,966000,5260501,17920673,3140264,3870756
1962,56225,9345868,5866061,1711319,15370,112472,21287682,2009526,21117,57144,10742000,7129864,4171425,2893669,9220578,2502896,4960326,51030137,8012946,173144,121083,3353226,8351928,97384,46600,3838097,76573248,232586,89516,234706,550840,1556661,18614000,5573815,111457,8067136,665770000,3841071,5399922,16041263,1092292,17500171,197198,210867,1432585,7450402,128414,8146,577691,9624660,74025784,94204,61982,4647727,3521278,11690153,4812890,28506176,31023366,1241623,23221389,4491443,421577,48119649,35570,47388,509806,53250000,3760300,7085464,24284,3690664,383523,629969,262590,8448233,92425,35000,4464249,69604,606285,3305200,2155652,4202104,4022593,10061734,92558005,48418,467852537,2836050,23071429,7674223,182378,2293000,50879450,1676250,1009733,95832000,10532062,8628972,2333400,6028551,43302,50966,26513030,2221122,1925276,1170480,1550813,92084,17290,10352188,882170,2863350,320750,2181586,176188,4566,13094818,23039,2664000,5352503,94938,40649588,15547,1527111,5381368,323900,21898020,502558,1011324,10499,7699139,909174,700349,3784439,8692815,632654,83400,3588156,47029140,1886562,11805689,3638918,10384204,4947,2482000,578824,47119361,1202373,10650667,28081231,10151,2094687,30308500,2450322,11871712,8993985,2005337,83651,56263,18676550,122591000,3050604,4362864,8004121,3386863,1750200,125064,2363013,2927857,16199,2874190,3069913,64432,306328,4238188,1603649,7561588,365636,44042,4875422,5763,3121216,1612755,29081034,2236559,1715408,518107,66259,880023,4303131,28832805,6389,10683906,7240174,43749470,2603887,186538000,9138097,83206,8790589,8298,35000,34684165,67808,115788,994000,5351799,18401608,3240587,3999419
1963,56695,9533954,5980417,1762621,16412,125566,21621840,2077575,21882,58294,10950000,7175811,4315128,2949926,9289770,2542859,5027821,52532417,8078145,178140,127333,3417574,8437232,100164,47700,3913395,78854019,233587,93576,240778,565353,1585763,18964000,5694247,112595,8247415,682335000,3996941,5520332,16461930,1121735,18033550,200372,216908,1484510,7618354,130860,8227,577913,9670685,74714353,100628,62918,4684483,3638628,11985136,4953733,29281250,31296651,1258857,23798429,4523309,436208,48803680,36014,48876,516265,53650000,3816100,7303432,24848,3749505,389072,636586,266598,8479625,93350,36400,4595510,71286,622575,3420900,2216707,4231408,4103730,10087947,95055665,48800,477527970,2852650,23680432,7888914,185653,2379000,51252000,1703395,1049302,96812000,10913552,8908422,2413700,6183747,44363,50525,27261747,2273349,1984980,1196890,1607171,93399,17718,10597520,898647,2898950,324100,2210919,184250,4656,13478232,23168,2721000,5486319,97584,41939880,16114,1547450,5441613,322550,22371902,513409,1042383,10667,7862072,936016,718861,3872118,8974084,648661,85700,3693866,48032246,1943590,11965966,3666537,10552267,5231,2531800,593501,48309315,1238823,10961540,29016771,10378,2139303,30712000,2504530,12065468,9030355,2058915,86837,61717,18797850,123960000,3102972,4516659,8248812,3481745,1795000,128866,2398414,3015887,16621,2936443,3131557,64177,314528,4282017,1616971,7604328,373897,45176,5034646,5740,3183551,1631764,29967041,2318234,1773853,527749,69005,892569,4377637,29531342,6538,11005905,7487429,44285899,2635129,189242000,9454250,84167,9130349,8452,39800,35722091,69964,119561,1022000,5446063,18899275,3345145,4132756
1964,57032,9731361,6093321,1814135,17469,138529,21953929,2144998,22698,59524,11167000,7223801,4456689,3010859,9378113,2585965,5098890,54129100,8144340,182887,133698,3478995,8524224,103069,48900,3990857,81168654,234547,97848,247325,580799,1616516,19325000,5789228,113773,8430838,698355000,4157965,5646316,16903923,1152412,18581974,203753,223846,1537041,7787146,133148,8298,578627,9727804,75318337,107583,63926,4722072,3757956,12295970,5099468,30071102,31609195,1277086,24397024,4548543,450450,49449403,36454,50487,523789,54000000,3870300,7513289,25454,3811659,394553,643961,271457,8510429,94066,37600,4730540,73051,637845,3504600,2280045,4259680,4186640,10119835,97638029,49391,487484535,2866550,24308085,8122199,188983,2475000,51675350,1730486,1101459,97826000,11267329,9200157,2495300,6331583,45425,49930,27984155,2327137,2041207,1224344,1667825,94814,18170,10849979,915822,2935200,327750,2240623,193563,4748,13857142,23236,2774000,5625164,100214,43264272,16710,1569141,5503752,321250,22867741,521753,1074514,10857,8030025,963747,736381,3963417,9253963,665282,88100,3802640,49066059,2002119,12127120,3694339,10728197,5500,2585400,608887,49551904,1276276,11281015,29962876,10593,2186340,31139450,2554066,12282419,9035365,2114095,90132,67567,18919126,125345000,3161724,4677404,8503994,3580312,1841600,132782,2435204,3106186,17032,3001126,3196113,64212,322997,4327341,1632114,7661354,382469,46322,5200336,5710,3246505,1662073,30881332,2402455,1833063,537786,71757,903275,4458611,30244232,6684,11339097,7746198,44794327,2665390,191889000,9788986,85069,9476252,8627,40800,36780985,72131,123354,1050000,5543339,19412975,3452942,4269863
1965,57360,9938414,6203299,1864791,18549,150362,22283390,2211316,23520,60781,11388000,7270889,4592610,3077876,9463667,2632356,5174870,55834038,8204168,187431,140054,3535640,8610000,106119,50100,4070590,83498020,235374,102425,254464,597190,1648833,19678000,5856472,114995,8617077,715185000,4321791,5777834,17369883,1184316,19144223,207424,231428,1589621,7951933,135266,8369,580966,9779358,75963695,114963,65038,4759012,3878948,12626952,5250119,30875964,31954292,1294566,25013626,4563732,463883,50023774,36900,52242,532511,54348050,3921600,7710549,26041,3877806,400861,652562,277396,8550333,94581,39200,4869716,74830,651868,3597900,2346010,4287000,4271133,10147935,100308894,50141,497702365,2877300,24955115,8375793,192286,2563000,52112350,1756266,1172550,98883000,11588870,9504703,2573300,6467197,46453,49214,28704674,2382594,2092348,1252972,1733306,96302,18649,11110828,933655,2971450,331500,2265919,203231,4841,14229044,23282,2825000,5769218,102766,44623043,17284,1592432,5568484,318800,23391145,526327,1107124,11105,8203076,992367,753000,4058673,9526563,682551,90500,3913934,50127214,2062630,12294732,3723168,10913724,5738,2628400,625009,50845221,1314626,11607681,30913933,10782,2236206,31444950,2594000,12547525,8998595,2170859,93438,73633,19031576,126745000,3232934,4843635,8770097,3682876,1886900,136847,2473294,3197863,17441,3068437,3263638,64796,331793,4370983,1649160,7733853,391546,47500,5373137,5672,3309573,1708630,31822796,2487953,1892599,548218,74362,912417,4545339,30972965,6815,11683528,8014401,45261935,2694537,194303000,10143740,85970,9824692,8814,43500,37860012,74289,127068,1078000,5643643,19942303,3563407,4410212
1966,57715,10152331,6309770,1914573,19647,160481,22608748,2276031,24321,62059,11651000,7322066,4721525,3152723,9527807,2682159,5256363,57672990,8258057,191780,146366,3586634,8696496,109347,51000,4152668,85837799,236044,107316,262244,614613,1682885,20048000,5918002,116227,8806137,735400000,4487204,5915123,17861881,1217391,19721462,211478,239770,1642186,8110430,136682,8441,585308,9821040,76600311,122866,66311,4797381,4001375,12980267,5405685,31697616,32283194,1308597,25641376,4580869,476324,50508717,37334,54199,542557,54648500,3966700,7890992,26612,3948869,408180,662463,284868,8613651,94875,40500,5013153,76607,664521,3629900,2414807,4313000,4357484,10178653,103067354,51049,508161935,2888800,25624656,8651164,195570,2629000,52519000,1780264,1265806,99790000,11872939,9822499,2655300,6584766,47459,48358,29435571,2439196,2136636,1282814,1803683,97881,19153,11380683,952206,3008050,333895,2283217,213196,4936,14593284,23305,2873000,5918595,105190,46011038,17842,1617794,5635859,315200,23944178,526419,1139961,11435,8381455,1021882,768813,4158124,9789982,700341,93500,4027758,51217359,2125240,12456251,3753012,11109884,5936,2675900,642003,52191095,1353804,11941325,31867563,10946,2289109,31681000,2624995,12864954,8930990,2229376,96732,79844,19215450,127468000,3319082,5015204,9047798,3789211,1934400,141026,2512652,3290411,17835,3143836,3334191,66063,341133,4411666,1669905,7807797,401183,48699,5553246,5629,3372170,1774029,32789096,2574478,1952141,558676,76779,919903,4638275,31717477,6938,12038903,8292776,45682308,2722877,196560000,10520879,86857,10175140,9007,46200,38959334,76413,130688,1106000,5748588,20486439,3676189,4553433
1967,58055,10372630,6414995,1965598,20758,170283,22932203,2339124,25116,63360,11799000,7376998,4843870,3234023,9580991,2735307,5343019,59620669,8310226,196063,152609,3632669,8785648,112692,52000,4237125,88191378,236621,112494,270622,633154,1718603,20412000,5991785,117474,8997325,754550000,4656353,6058539,18378214,1251703,20311371,215897,248747,1694710,8263546,138140,8521,591308,9852899,76951336,131397,67686,4835354,4125109,13354197,5566057,32534021,32682947,1318946,26281208,4605744,487913,50915456,37768,56319,553823,54943600,4005800,8057444,27174,4023486,416339,673462,293440,8684088,94961,41900,5160609,78404,675871,3722800,2486414,4339000,4445530,10216604,105907403,52118,518889779,2902450,26318119,8947404,198751,2745000,52900500,1803064,1377465,100725000,12120504,10154484,2736500,6685321,48437,47380,30130983,2496920,2174845,1313941,1878877,99527,19691,11657660,971512,3044400,334995,2301220,223420,5033,14950803,23292,2918000,6073526,107538,47429812,18388,1644943,5706199,311550,24524548,522796,1173191,11823,8565674,1052286,783917,4262005,10046172,718685,96500,4144395,52341834,2189882,12598201,3784539,11316826,6102,2724100,660119,53590929,1393799,12282082,32826599,11080,2344977,31987155,2645674,13222694,8874520,2289582,100029,86295,19534242,128196000,3418317,5194846,9337657,3899237,1977600,145351,2553529,3383701,18229,3228495,3407800,67873,350751,4449367,1689528,7867931,411352,49911,5740710,5590,3434811,1855442,33778504,2662230,2011763,569031,79052,925909,4737627,32477961,7040,12406040,8580676,46060452,2750093,198712000,10917446,87736,10528054,9218,49100,40074699,78522,134193,1135000,5858638,21045785,3791887,4700041
1968,58386,10604346,6523791,2022272,21890,183194,23261278,2401140,25885,64655,12009000,7415403,4960235,3316233,9618756,2791590,5434041,61579473,8369603,200653,158627,3675452,8874552,116061,53000,4324064,90557064,237199,117950,279515,652843,1755344,20744000,6067714,118726,9188822,774510000,4834279,6208282,18913203,1287516,20905059,220575,257509,1746869,8413327,140298,8631,598493,9876346,77294314,140462,69040,4864883,4250025,13744387,5730906,33377259,33113134,1331214,26946079,4626469,498892,51276054,38200,58403,565873,55211700,4042300,8221020,27694,4097191,425510,685476,301353,8740765,94868,43400,5311615,80217,686146,3802700,2560727,4364000,4534234,10255815,108821564,53254,529967317,2915550,27032943,9260682,201488,2803000,53235750,1825633,1498309,101061000,12341412,10502245,2818300,6778723,49388,46402,30838302,2556852,2210959,1346491,1958914,101179,20236,11937611,991491,3078850,335850,2323619,233004,5161,15302947,23304,2960000,6234465,109959,48894019,18961,1672399,5780835,307900,25128116,517481,1207104,12257,8756481,1083583,798413,4370650,10297801,737886,99500,4263745,53505978,2256782,12729721,3816486,11534264,6241,2748100,679597,55042397,1434657,12629329,33797042,11205,2403595,32294655,2662064,13609982,8836650,2350901,103386,93201,19799831,128928000,3527263,5387486,9639840,4013539,2012000,149921,2596568,3477742,18589,3313786,3484537,70046,359733,4483915,1704546,7912273,422140,51134,5935860,5559,3499352,1945780,34790945,2750894,2071789,579807,81097,931468,4842167,33256432,7133,12787489,8872920,46409002,2774774,200706000,11323095,88613,10881995,9424,55700,41195835,80673,137506,1163000,5971407,21622590,3912085,4851431
1969,58726,10854428,6642632,2081695,23058,203820,23605987,2462925,26614,65910,12263000,7441055,5071930,3391753,9646032,2850661,5528174,63417394,8434172,206043,164248,3717466,8960304,119261,54000,4413590,92935072,237913,123653,288774,673640,1792220,21028000,6136387,119972,9378243,796025000,5027971,6364569,19458904,1325147,21490945,225325,264909,1798311,8563193,142581,8827,606113,9896580,77909682,149887,70213,4891860,4376054,14144438,5899845,34216826,33441054,1345249,27654161,4623785,509658,51638260,38646,60170,578108,55441750,4080300,8397347,28159,4164003,435798,698338,306233,8772764,94682,44900,5465512,82040,695745,3863900,2637517,4387000,4622208,10298723,111800091,54376,541505076,2932650,27765243,9585576,203369,2877000,53537950,1849414,1615277,103172000,12550121,10867716,2894800,6879184,50294,45534,31544266,2620434,2250602,1380637,2043818,102749,20765,12214968,1012015,3107321,337500,2343173,240842,5303,15651924,23346,3002000,6401921,112651,50423481,19622,1698143,5861412,304300,25748643,513340,1242214,12691,8954809,1115788,812405,4484439,10549226,758377,104000,4385758,54716735,2326139,12877984,3847707,11761473,6368,2772800,700725,56542434,1476479,12982449,34787588,11331,2464548,32548300,2684150,14010339,8757705,2412566,106857,100874,20009141,129664000,3640591,5599628,9954410,4132844,2042500,154875,2642608,3572707,18895,3387632,3564465,72241,366848,4518607,1713874,7968072,433588,52365,6139048,5571,3568376,2034907,35826804,2840228,2132799,591739,82877,937848,4950153,34055361,7214,13186557,9162833,46746669,2795046,202677000,11723846,89516,11235491,9621,60300,42309665,82940,140518,1191000,6083619,22219897,4038923,5009514
1970,59063,11126123,6776381,2135479,24276,235499,23973058,2525065,27292,67098,12507000,7467086,5180025,3455606,9655549,2912340,5624600,65047770,8489574,212605,169354,3760527,9040000,122182,55000,4505778,95326793,238848,129583,298301,695597,1828709,21324000,6180877,121197,9563865,818315000,5242395,6527635,20009935,1364812,22061215,230054,270198,1848866,8715123,144739,9144,613621,9858071,78169289,159659,71073,4928757,4503114,14550034,6072527,35046273,33814531,1360076,28415077,4606307,520529,52035095,39083,61431,590118,55663250,4119900,8596983,28560,4219770,447285,711827,306515,8792806,94426,46400,5621792,83877,704934,3959000,2716659,4411000,4708642,10337910,114834780,55425,553578513,2957250,28514010,9917983,204438,2974000,53821850,1875381,1718913,104345000,12757245,11252492,2959900,6994848,51178,44885,32240827,2688428,2297389,1416529,2133526,104160,21265,12485756,1033050,3139689,339171,2359164,246195,5450,16000008,23484,3044000,6576305,115768,52029861,20395,1720800,5949045,302650,26381431,512407,1278825,13127,9161534,1148908,826000,4603723,10803978,780384,112000,4510479,55981400,2398096,13038526,3875763,11997929,6493,2810700,723852,58090759,1519299,13341069,35804729,11480,2527586,32664300,2718000,14410400,8680431,2474106,110495,109514,20250398,130404000,3754541,5836389,10281700,4257505,2074500,160290,2692259,3668595,19138,3444553,3647709,74253,371273,4538223,1724891,8042801,445729,53600,6350541,5633,3643549,2115522,36884913,2930079,2195173,605125,84369,945993,5060397,34876267,7303,13605529,9446064,47086761,2809803,205052000,12110028,90452,11587761,9803,63476,43407287,85389,143176,1219000,6193810,22839451,4173928,5175618
1971,59440,11417825,6927269,2187853,25559,278808,24366439,2587706,27916,68188,12937000,7500482,5284532,3505391,9673162,2976572,5723381,66424744,8536395,220312,173863,3805285,9115576,124793,54600,4600591,97728961,240035,135726,308053,718639,1864598,21645535,6213399,122413,9745189,841105000,5479338,6697745,20562865,1406643,22611986,234644,272992,1898360,8869961,147389,9581,620859,9826815,78312842,169372,71569,4963126,4631114,14960109,6248835,35863382,34224490,1376955,29245207,4612124,531601,52480421,39537,62108,601731,55896223,4163000,8827273,28869,4263840,460194,726256,301666,8831036,94185,47200,5780480,85726,713684,4045300,2798125,4435000,4793155,10367537,117921998,56352,566224812,2992050,29281268,10255903,206098,3069000,54073490,1904016,1806605,105697000,12966920,11657514,3022300,7137749,52025,44495,32882704,2762265,2353555,1454198,2228146,105390,21726,12747842,1054453,3179041,342421,2376389,248739,5601,16347198,23720,3088000,6757850,119378,53718724,21313,1739521,6044530,302700,27024985,515449,1317050,13569,9375144,1182954,839230,4728703,11062338,804157,120000,4637829,57295210,2472656,13194497,3903039,12243768,6619,2853000,748973,59687140,1563115,13704335,36851055,11654,2592628,32783500,2762190,14809521,8643756,2535359,114313,119424,20461567,131155000,3868337,6100994,10621472,4388458,2112900,166212,2745779,3765166,19303,3470324,3734418,75988,372623,4557449,1738335,8098334,458605,54695,6570857,5756,3726091,2185662,37964925,3020391,2258964,620945,85518,956366,5172691,35720568,7381,14045824,9720399,47433805,2818270,207661000,12477058,91440,11937805,9970,70937,44485908,88022,145439,1247000,6300554,23482813,4317748,5351195
1972,59840,11721940,7094834,2243126,26892,332760,24782949,2650484,28492,69176,13177000,7544201,5385267,3544047,9711115,3043567,5825173,67597470,8576200,229155,177839,3851151,9188968,127150,54200,4698083,100143598,241441,142073,318045,742835,1900317,21993631,6260956,123614,9922558,862030000,5737281,6875228,21120140,1450518,23146803,239235,273651,1947048,9025300,147710,10136,628002,9867632,78688452,179224,71734,4991596,4759934,15377093,6428711,36673642,34604469,1392518,30132580,4639657,542814,52959228,40009,62298,613123,56086065,4205300,9083573,29104,4298091,474539,741490,292585,8888628,93934,48300,5941567,87587,721948,4123600,2882113,4457000,4876560,10398489,121059513,57154,579411513,3036850,30074298,10599845,209137,3148000,54381345,1934828,1881214,107188000,13176584,12083188,3088200,7300152,52824,44326,33505406,2840841,2416735,1493711,2327490,106455,22151,13002275,1076340,3213622,346600,2395674,248767,5756,16695003,24051,3131000,6946620,123441,55478151,22341,1754956,6147458,302450,27680144,521785,1356670,14040,9595762,1217941,852053,4859610,11324251,829441,125500,4768078,58662603,2549774,13328593,3933004,12499429,6743,2903900,776383,61338261,1607834,14072476,37925400,11852,2659851,33055650,2817256,15207771,8630430,2596739,118279,130534,20657957,131909000,3983700,6393894,10974622,4525114,2152400,172598,2803031,3861931,19398,3475022,3824762,77537,371324,4596622,1752233,8122300,472230,56029,6800141,5922,3815103,2247582,39061994,3111264,2324013,638499,86347,968741,5287543,36587225,7458,14506617,9988380,47783011,2821439,209896000,12828625,92463,12286439,10125,76319,45549483,90823,147321,1278000,6407295,24148137,4469895,5535874
1973,60243,12027822,7277960,2296752,28232,397174,25213388,2712781,29014,70066,13380000,7586115,5483084,3578490,9741720,3113675,5930483,68691185,8620967,239527,181488,3897255,9257272,129294,53800,4798509,102584278,242976,148560,328312,768512,1936841,22369408,6307347,124725,10096295,881940000,6013862,7060603,21689239,1496047,23674504,244208,273005,1995743,9176052,146912,10784,635111,9922266,78936666,190568,71744,5021861,4889436,15804428,6611916,37488067,34988947,1405951,31025115,4666081,554107,53441264,40486,62290,624621,56194527,4242500,9350111,29278,4324360,489861,756280,281021,8929086,93630,49000,6104530,89464,729916,4241600,2968994,4478000,4960657,10432055,124242298,57900,593058926,3085950,30904271,10951166,212317,3278000,54751406,1966700,1945626,108079000,13382211,12529852,3153800,7447285,53604,44316,34103149,2919287,2480419,1535229,2430755,107466,22563,13252087,1099235,3244438,350450,2415819,246947,5915,17049165,24439,3174000,7142627,127791,57280587,23439,1768992,6256187,302200,28347341,530220,1397304,14492,9827580,1253874,864819,4996940,11592698,855380,128500,4902006,60110433,2629505,13439322,3960612,12764957,6862,2961300,806991,63059481,1653256,14447648,39026082,12046,2729580,33357200,2878786,15593351,8633100,2659088,122356,142241,20835681,132669000,4102321,6714095,11343926,4664444,2193000,179349,2863739,3958323,19466,3506008,3918922,79022,368344,4641445,1766697,8136312,486561,56892,7037851,6126,3907632,2303345,40164966,3203019,2390213,654437,86988,982592,5405355,37472298,7537,14985131,10256429,48127172,2822081,211909000,13173590,93517,12636969,10264,84121,46604726,93765,148889,1308000,6523452,24829693,4629402,5727044
1974,60528,12321541,7474338,2350124,29520,471364,25644506,2773747,29488,70878,13723000,7599038,5579077,3618585,9772419,3187412,6040041,69884420,8678745,251911,185099,3942223,9317584,131307,53400,4902168,105069367,244539,155109,338943,796095,1975521,22774087,6341405,125682,10267056,900350000,6305287,7254468,22280923,1542690,24208021,250104,272292,2045580,9315373,148351,11498,642339,9988459,78967433,205181,71807,5045297,5019473,16247113,6798206,38322022,35373335,1418169,31851708,4690574,565388,53882416,40955,62476,636696,56229974,4279500,9604276,29427,4345545,505512,768945,269426,8962022,93152,49500,6268707,91377,737847,4377800,3059254,4497000,5047944,10478720,127465231,58655,607050255,3137500,31785500,11312305,215209,3377000,55110868,1998034,2004833,110162000,13577049,12997595,3223900,7531424,54380,44331,34692266,2990965,2535497,1578952,2536888,108532,22981,13501986,1123855,3273894,355050,2437186,244284,6078,17416964,24835,3215000,7345780,132195,59088193,24531,1784398,6368348,301996,29027734,538902,1438425,14859,10076172,1290790,878042,5141202,11871233,880785,131000,5040656,61673559,2711848,13545056,3985258,13040404,6972,3023700,841948,64870833,1699113,14832841,40149961,12197,2802243,33678899,2939299,15952078,8754365,2723523,126486,153704,21029429,133432000,4226799,7059334,11732958,4802348,2229800,186332,2927468,4053713,19562,3627504,4017075,80670,365099,4689623,1776132,8159955,501512,57937,7283177,6346,3999512,2356622,41259536,3296095,2457382,664223,87609,997053,5526764,38370241,7616,15477294,10533716,48455122,2824069,213854000,13525094,94568,12994025,10379,89941,47661773,96796,150221,1339000,6661566,25519604,4794754,5920943
1975,60657,12590286,7682479,2404831,30705,554324,26066975,2832757,29932,71609,13893000,7578903,5674137,3671494,9800700,3265165,6154545,71305923,8720742,266543,188882,3985103,9367000,133260,53000,5009257,107612100,246034,161671,349982,825840,2017372,23209000,6338632,126415,10435534,916395000,6608609,7457362,22902319,1590039,24756973,257290,272423,2097407,9438442,149129,12244,649755,10058620,78673554,224183,72094,5059862,5149935,16709099,6987391,39187702,35757900,1429352,32566821,4711440,576595,54252574,41407,63144,649716,56225800,4311200,9831407,29578,4364514,521070,778470,259747,9046541,92448,49600,6433728,93352,745841,4461600,3153261,4514000,5140357,10540525,130724115,59478,621301720,3189550,32730554,11684589,217979,3455000,55441001,2027737,2062918,111940000,13756789,13486629,3292400,7522593,55169,44276,35280725,3051577,2575690,1625013,2645139,109769,23432,13755161,1150635,3301652,358950,2456130,241628,6291,17803698,25197,3251000,7556026,136519,60872399,25576,1803010,6482278,304222,29721967,546487,1479651,15117,10344494,1328686,892000,5292808,12162369,904839,132500,5184811,63373572,2796746,13666335,4007313,13325814,7070,3083100,882044,66787901,1745205,15229947,41295124,12278,2878156,34015199,2994000,16274740,9093470,2790962,130619,164413,21293583,134200000,4359092,7428703,12144135,4936209,2262600,193445,2993876,4147525,19735,3880320,4119438,82607,362654,4739105,1793581,8192437,517024,59292,7535714,6548,4087948,2410446,42334954,3390935,2525361,664984,88348,1011490,5652476,39277211,7677,15980301,10827147,48758987,2830172,215973000,13892638,95611,13360987,10476,94484,48729392,99872,151387,1369000,6830692,26212405,4964831,6115370
1976,60586,12840299,7900997,2458526,31777,646943,26477152,2889579,30321,72285,14033000,7565525,5768724,3739659,9818227,3347173,6274037,72999136,8758599,283752,192902,4025265,9411000,135147,53200,5119833,110213082,247444,168224,361455,857855,2062405,23518000,6302504,126902,10601836,930685000,6922982,7669445,23559071,1637941,25323406,265953,273652,2151497,9544271,149399,13022,657534,10125939,78336950,248556,72642,5072596,5280723,17190239,7179399,40089032,36137812,1439576,33146891,4725664,587520,54541493,41848,64386,663770,56211968,4342400,10023472,29742,4381601,536409,784156,252194,9188150,91437,49700,6599214,95385,754101,4518000,3251158,4530000,5238245,10598677,134010690,60428,635771734,3238050,33737768,12068168,220154,3533000,55718260,2055085,2120069,112771000,13920105,13996704,3358700,7402873,55977,44148,35848523,3098973,2598354,1672300,2754696,111208,23926,14012817,1179723,3328664,360731,2470989,239085,6530,18210754,25523,3284000,7773449,140665,62623763,26552,1825552,6596773,305774,30428034,552562,1520865,15234,10632932,1367563,906507,5454705,12468893,927503,134000,5334918,65226229,2884155,13774037,4026152,13621110,7156,3110500,927439,68813220,1791453,15639901,42461193,12285,2957339,34356300,3043854,16554746,9355810,2861581,134748,173836,21551634,135147000,4499509,7818613,12578407,5064674,2293300,200640,3062956,4239675,19980,4289469,4224529,84885,361364,4789507,1820249,8222286,533214,60504,7794662,6723,4172230,2464455,43386841,3487644,2594311,654947,89254,1025658,5781796,40189511,7749,16493305,11139833,49036456,2841429,218035000,14279120,96641,13739142,10543,96166,49808071,103028,152390,1400000,7034868,26904349,5139030,6308300
1977,60366,13067538,8130988,2513546,32771,748117,26878565,2944379,30689,72875,14192000,7568430,5863134,3821194,9830358,3433439,6398935,74925896,8804183,303175,197111,4063191,9463000,136989,53400,5233677,112867867,248784,174773,373324,891926,2110457,23796000,6281174,127183,10766419,943455000,7248828,7890969,24247550,1686524,25905127,275900,275767,2207725,9634680,149459,13841,665528,10186755,78159814,277479,73411,5088419,5411865,17690184,7374234,41026477,36511638,1450211,33622390,4738902,598259,54764462,42275,66105,678774,56193492,4372100,10189890,29902,4398484,551817,786754,246677,9308479,90184,49400,6765516,97477,762424,4583700,3352835,4532000,5341419,10648031,137322118,61443,650485030,3282200,34810723,12460914,221799,3613000,55955411,2080538,2176135,113863000,14070681,14528293,3423900,7194279,56810,43942,36411795,3135842,2606221,1720489,2865637,112831,24440,14273272,1210799,3355036,361358,2485073,236695,6778,18636977,25809,3312000,7998164,144736,64345884,27470,1851069,6712401,306970,31144324,557576,1562209,15251,10936936,1407436,921379,5627533,12790546,949193,136000,5490921,67215805,2973806,13856185,4043205,13926260,7235,3120200,977808,70946231,1837890,16061323,43650333,12225,3039660,34689050,3088690,16796578,9455675,2935375,138864,182443,21756096,136100000,4647615,8231604,13034625,5189539,2325300,207937,3134800,4329964,20296,4827362,4332287,87434,361043,4840501,1842377,8251540,550118,61786,8060649,6886,4253989,2518566,44416010,3586499,2664257,636096,90295,1039761,5915006,41108248,7816,17017670,11470867,49290905,2857105,220239000,14681459,97649,14127787,10591,93203,50899504,106222,153247,1430000,7271872,27597297,5317631,6501893
1978,60103,13237734,8376147,2566266,33737,852262,27277741,2997411,31102,73324,14358000,7562305,5957929,3913768,9839534,3523938,6530819,77033846,8814032,323473,201513,4100350,9525000,138965,53600,5350322,115577669,250032,181257,385384,927585,2162249,24036000,6281738,127390,10930783,956165000,7585914,8122529,24954655,1736099,26502166,286634,278739,2266154,9711392,148341,14661,673251,10242098,78091820,308008,74242,5104248,5543517,18212326,7571959,42004655,36864898,1460188,34068316,4752528,609345,54947975,42693,68222,694732,56196504,4397700,10354499,30049,4421134,567831,788495,244485,9429959,89073,49200,6933906,99630,770125,4667500,3458104,4556000,5450549,10684822,140665856,62406,665502284,3329100,35972652,12859094,223537,3690000,56155143,2105664,2234594,114898000,14215111,15082994,3487100,6955566,57662,43703,36969185,3168843,2604865,1771256,2979093,114546,24962,14533376,1243352,3379514,362007,2497921,235198,7035,19081718,26087,3339000,8230218,148892,66039488,28405,1877688,6831295,310182,31872230,562065,1603906,15372,11248046,1448414,933499,5806845,13123069,970258,137500,5652355,69293550,3065117,13941700,4058671,14241403,7311,3121200,1032800,73194937,1884515,16491083,44866273,12153,3125034,34965600,3129421,17015983,9558250,3012829,143032,192093,21951464,137060000,4803725,8679840,13510421,5315265,2353600,215347,3209263,4417516,20660,5417740,4445826,90089,361457,4890125,1862548,8275599,567559,62150,8336418,7053,4335645,2576469,45423436,3688385,2734896,613857,91364,1054116,6054911,42039935,7888,17555494,11818307,49526883,2875966,222585000,15096012,98633,14525931,10662,95929,52015281,109429,154007,1460000,7536764,28298150,5501445,6703182
1979,59980,13306695,8641521,2617832,34818,952040,27684534,3049105,31673,73528,14514000,7549425,6053645,4013310,9848382,3618526,6671656,79236776,8825940,342798,206032,4138819,9584000,141305,53800,5469123,118342626,251177,187656,397390,964166,2218575,24277000,6294365,127692,11096868,969005000,7934279,8364835,25661884,1787129,27113512,297447,282415,2326704,9777290,147851,15444,680011,10292341,78126350,336085,74925,5116801,5675931,18760761,7772653,43027816,37191330,1468333,34590226,4764690,621538,55130594,43101,70550,711533,56246951,4430200,10550777,30177,4457078,585157,792462,247078,9548258,88568,49600,7106145,101844,776254,4929700,3566665,4571000,5566266,10704152,144053518,63151,680915804,3373750,37252659,13257799,225735,3786000,56317749,2132690,2299655,115870000,14362417,15662852,3552000,6768724,58506,43457,37534236,3207328,2602566,1826881,3096729,116290,25447,14788607,1276663,3397842,362856,2505953,235479,7303,19543347,26395,3366000,8469672,153386,67709689,29418,1902719,6956579,313342,32613888,566888,1646291,15862,11554979,1490603,949888,5986332,13460201,991226,138500,5818506,71391290,3157355,14038270,4072517,14566691,7393,3109000,1091853,75567682,1931389,16924753,46113995,12124,3213360,35247217,3168088,17235666,9661265,3094482,147296,205313,22090488,138027000,4968074,9179621,14002303,5448110,2383500,222897,3286179,4501316,21030,5953615,4569423,92649,362125,4938973,1882599,8293678,585344,62686,8625690,7264,4420716,2642846,46412307,3794420,2805818,595872,92300,1069202,6205212,42993991,7962,18109884,12178544,49751257,2896023,225055000,15516862,99590,14931739,10792,96183,53169673,112580,154760,1491000,7821552,29017049,5691749,6921790
1980,60096,13248370,8929900,2671997,36067,1042384,28105888,3099751,32457,73442,14692000,7549433,6150738,4116817,9859242,3717165,6822843,81470860,8861535,359888,210661,4179855,9643000,144155,54670,5589575,121159761,252194,193949,409172,1001158,2279821,24593000,6319408,128212,11266226,981235000,8293675,8618354,26357462,1839935,27737900,307829,286657,2389310,9835177,148041,16162,685406,10304193,78288576,358960,75314,5123027,5809269,19337715,7976445,44099142,37491165,1477219,35264898,4779535,635255,55340782,43514,72964,729159,56314216,4467700,10802028,30272,4511902,604369,800854,255325,9642505,89005,50200,7283459,104133,780153,5063100,3678286,4588000,5688836,10711122,147490365,63551,696783517,3412800,38668220,13653356,228138,3878000,56433883,2163045,2374422,116782000,14518924,16268990,3617400,6692107,59339,43210,38123775,3258144,2605293,1888314,3219466,117987,25866,15035856,1310118,3413202,364150,2511701,238118,7580,20019847,26745,3396000,8716553,158385,69360871,30576,1924197,7090126,316645,33369712,572608,1689622,16920,11848331,1534085,966039,6163080,13798125,1012672,140050,5988904,73460724,3249910,14149800,4085620,14902163,7488,3112900,1154379,78068144,1978578,17359120,47396968,12194,3304473,35574150,3206000,17472140,9766312,3180630,151708,223775,22242653,139010000,5140716,9740599,14507468,5592646,2413945,230607,3365441,4580704,21361,6359126,4705224,94949,362777,4979815,1901315,8310531,603372,63261,8930774,7519,4512042,2720839,47385323,3905413,2876808,587563,93007,1085308,6368167,43975921,8052,18683157,12549540,49968812,2915778,227225000,15939744,100505,15343916,11002,99636,54372514,115632,155557,1521000,8120497,29760471,5889230,7164172
1981,60567,13053954,9244507,2726056,37500,1120900,28543364,3148092,33493,73066,14927000,7568710,6249320,4223195,9858982,3820128,6985160,83721268,8891117,374120,215396,4222511,9710000,147566,55050,5711599,124030908,253080,200085,420380,1038397,2346797,24900000,6354074,128981,11439144,993885000,8664057,8883016,27039468,1894676,28375991,317606,291602,2454129,9884213,148629,16789,689173,10300591,78407907,374937,75375,5121572,5943591,19943664,8183194,45216506,37758631,1487666,36120288,4799964,650955,55585824,43917,75462,747587,56333829,4504500,11117605,30334,4589784,625411,814507,270063,9729350,90572,51000,7466488,106485,781732,5183400,3792938,4608000,5818671,10711848,150978840,63540,713118032,3453000,40217629,14046540,230755,3956000,56501675,2197583,2461193,117648000,14683789,16901677,3685800,6748193,60133,42976,38723248,3323377,2615747,1957456,3347781,119594,26224,15273391,1343690,3432947,365225,2519421,243427,7868,20511601,27164,3429000,8971345,163935,70992195,31893,1941530,7234303,318982,34139130,579445,1733475,18604,12133074,1578938,980462,6327569,14133840,1034264,142650,6164006,75482552,3342669,14247208,4099702,15249010,7597,3124900,1220587,80696945,2026065,17792549,48715592,12387,3398469,35898587,3242552,17731230,9851362,3271456,156243,248144,22415169,139941000,5315032,10366661,15027270,5750338,2532835,238479,3445277,4655364,21666,6604872,4853927,96950,363325,5016105,1906531,8320503,621276,64035,9252851,7858,4610167,2812039,48337503,4020778,2947779,591005,93453,1102556,6545024,44988356,8154,19277108,12930209,50221000,2935036,229466000,16363562,101379,15761799,11315,99853,55627746,118580,156428,1552000,8434017,30532954,6094206,7431940
1982,61345,12749645,9582156,2784278,39114,1189545,28993987,3193686,34738,72448,15178000,7574140,6349558,4333386,9856303,3927714,7158255,86007331,8917457,385950,220275,4265310,9776000,151500,55449,5835182,126947365,253841,206128,431050,1075889,2418844,25202000,6391309,129979,11615836,1008630000,9044473,9158566,27717337,1951195,29027162,326946,297285,2521168,9925623,150101,17356,691702,10314826,78333366,385271,75170,5117810,6078820,20575701,8392940,46379620,37986012,1498414,37136848,4826933,668198,55858727,44307,78059,766855,56313641,4542800,11488106,30381,4690605,648210,832668,290617,9789513,93091,51500,7654819,108906,781246,5264500,3910657,4635000,5955267,10705535,154506265,63191,729868013,3485800,41883332,14438309,233860,4031000,56543548,2235327,2559718,118449000,14853993,17559430,3759300,6918101,60920,42762,39326352,3401242,2632276,2031850,3480454,121154,26515,15502515,1377346,3457179,365525,2531080,251219,8670,21016818,27624,3464000,9234129,169960,72602533,33330,1955243,7387656,325898,34917895,587001,1777727,20856,12409243,1625124,992521,6484452,14470633,1056366,145700,6344382,77472907,3435525,14312690,4114787,15607236,7719,3156100,1290111,83445863,2073844,18225730,50068493,12663,3495199,36230481,3277453,18008564,9911771,3366719,160888,277396,22515389,140823000,5489322,11048080,15562194,5920059,2646466,246493,3525399,4725720,21943,6716448,5011726,98706,364032,5055099,1910334,8325263,639237,64413,9590227,8244,4715197,2915066,49267560,4140258,3019066,604430,93681,1120611,6733961,46025357,8284,19891548,13323332,50384000,2954282,231664000,16790069,102204,16185894,11712,100068,56931824,121435,157403,1582000,8764621,31330259,6305709,7721536
1983,62201,12389269,9931562,2843960,40867,1253060,29454738,3238594,36160,71639,15369000,7561910,6452076,4448728,9855520,4039949,7340905,88338242,8939738,396454,225187,4308106,9843000,155822,55930,5959960,129882321,254518,212136,441847,1113539,2493135,25456000,6418773,131156,11797534,1023310000,9432731,9445003,28404876,2009165,29687094,336096,303368,2589930,9966733,151159,17906,694077,10323856,78128282,393802,74747,5114297,6214857,21228289,8606213,47594556,38171525,1508745,38285883,4855787,685391,56156284,44700,80678,787013,56332848,4582900,11895125,30383,4810496,673238,854113,314475,9846627,95985,52100,7847472,111402,778948,5345100,4031349,4659000,6096692,10689463,158044343,62730,746949067,3510600,43645092,14825789,236977,4105000,56564074,2273666,2667470,119259000,15030495,18239404,3838300,7168236,61768,42542,39910403,3489977,2651292,2102911,3614689,122740,26765,15726802,1410439,3485192,365622,2546011,260997,10547,21528502,28095,3500000,9504281,176356,74196548,34892,1965895,7543743,330524,35697943,594506,1823216,23503,12657708,1672496,1001691,6661358,14818617,1081081,148700,6529894,79462277,3527939,14367070,4128432,15974420,7855,3199300,1361097,86297640,2121939,18660439,51455033,13012,3594004,36571808,3311138,18298214,9957865,3465793,165613,309479,22588790,141668000,5673614,11763837,16107730,6100495,2681061,254596,3608751,4792903,22210,6740220,5170558,100318,365300,5091971,1922321,8329033,658320,64335,9938847,8669,4829094,3026238,50186199,4265247,3091511,624648,93774,1138676,6930387,47073422,8413,20524666,13735271,50564000,2973463,233792000,17221212,102984,16617346,12188,100348,58277387,124249,158384,1614000,9111097,32139708,6521542,8027565
1984,62836,12047115,10277321,2904429,42706,1318478,29920904,3285595,37688,70725,15544000,7561434,6557585,4571292,9855372,4156819,7531242,90732362,8960679,407227,230015,4350746,9910000,160347,56423,6085496,132800684,255193,218227,453720,1151292,2565803,25702000,6441865,132453,11985658,1036825000,9826055,9742263,29121474,2068132,30350086,345466,309397,2659781,10017059,151940,18543,697717,10330213,77858685,406017,74213,5111619,6351572,21893853,8823751,48868951,38330364,1518617,39518801,4881803,700366,56470769,45122,83240,808083,56422072,4622200,12311158,30325,4943144,701104,876873,338086,9895801,98439,52700,8042897,113961,775219,5397900,4154887,4680000,6240329,10668095,161555583,62487,764245202,3532423,45474708,15205501,239511,4159000,56576718,2308947,2780428,120018000,15214051,18937738,3916400,7446019,62765,42294,40405956,3586381,2667220,2159089,3746715,124468,27011,15951422,1442212,3514205,365998,2562047,271993,12790,22037610,28512,3536000,9780872,182953,75780605,36561,1974415,7693667,330593,36468888,600884,1871090,26302,12853780,1720812,1012221,6895928,15191625,1111132,151650,6720344,81497739,3619253,14424211,4140099,16347242,8007,3227100,1431077,89228949,2170409,19099584,52873974,13372,3694041,36904134,3344190,18590138,9996232,3567752,170396,341455,22655940,142745000,5881906,12484967,16658054,6289327,2732221,262709,3699467,4858532,22455,6747932,5319609,101915,367660,5127097,1932154,8336605,679976,64717,10293049,9095,4954046,3140237,51108082,4397525,3166221,646688,93842,1155695,7127941,48114105,8530,21173603,14174470,50754000,2992645,235825000,17659975,103742,17057785,12731,100600,59653090,127092,159283,1647000,9472170,32943584,6738765,8342195
1985,63026,11783050,10609042,2964762,44600,1391052,30388783,3335935,39241,69782,15758000,7564985,6666455,4702066,9858308,4278501,7727907,93199865,8960547,419430,234687,4392130,9975000,164921,56898,6211550,135676281,255924,224512,467178,1189114,2634232,25942000,6470365,133808,12181028,1051040000,10222558,10050023,29883446,2127770,31011688,355337,315069,2730233,10082989,152711,19313,703687,10337118,77684873,425613,73643,5113691,6488856,22565905,9045979,50204985,38469512,1528781,40800343,4902206,711661,56795686,45573,85686,830085,56550268,4662900,12716228,30207,5084767,732096,899509,358896,9934300,99906,53200,8240060,116572,770435,5456200,4281189,4701000,6384195,10648713,165012196,62696,781666671,3538082,47342702,15576395,241405,4233000,56593071,2338638,2895985,120754000,15403006,19651225,3990300,7712978,64003,42013,40805744,3687898,2676583,2192555,3873781,126418,27257,16179796,1472192,3544543,366706,2578873,283581,15392,22537376,28835,3570000,10063495,189637,77360707,38333,1981534,7831889,336452,37222296,605398,1921881,29092,12984405,1769942,1020528,7211105,15598942,1148302,154450,6915927,83613300,3709091,14491632,4152516,16723956,8174,3247100,1498417,92219488,2219276,19544956,54323648,13696,3794720,37201885,3377000,18877238,10023613,3671826,175204,371081,22755427,143858000,6120107,13189115,17210187,6484738,2735957,270801,3799550,4923860,22708,6791716,5450424,103634,371470,5161768,1941641,8350386,705085,65244,10648632,9506,5091535,3252994,52041469,4537789,3244018,666945,93953,1170928,7321876,49133883,8650,21836999,14646624,50917000,3011908,237924000,18108300,104477,17508059,13304,100760,61049373,130027,160031,1682000,9847899,33730148,6955212,8658857
1986,62644,11601041,10921037,3022635,46517,1472218,30857244,3392256,40837,68809,16018400,7569794,6778633,4841565,9861823,4404506,7930694,95742431,8958171,433482,239131,4435504,10043000,169568,57382,6337893,138499464,256736,230972,482952,1226810,2696982,26204000,6504124,135230,12384108,1066790000,10620267,10368300,30685824,2188046,31669776,365760,320183,2800986,10168087,152662,20251,712341,10342227,77720436,454361,73025,5120534,6626542,23241272,9272906,51607703,38584624,1540190,42120730,4918154,718548,57132691,46077,87948,853027,56681396,4704500,13104296,30004,5229797,766589,921626,376024,9967213,100143,53500,8438604,119232,764459,5524600,4410158,4722000,6527543,10630564,168402025,63441,799181436,3539690,49256842,15936375,243180,4299000,56596155,2361720,3011300,121492000,15600928,20378626,4066500,7958976,65518,41697,41213674,3794043,2677280,2201833,3994591,128619,27524,16412711,1499861,3578914,368355,2599892,295677,18337,23023935,29041,3602000,10352120,196357,78934125,40204,1987538,7955164,342121,37957332,607711,1976309,31802,13034385,1819954,1028360,7625305,16045047,1193592,157350,7116744,85818502,3796917,14572278,4167354,17101136,8356,3246300,1561185,95264460,2268574,19996253,55804072,13985,3895852,37456119,3409554,19156795,10032734,3777763,180075,397932,22859269,144894000,6407672,13869012,17757169,6686159,2733373,278838,3912438,4988943,22961,6887372,5565545,105474,376867,5193838,1965964,8369829,734243,65652,11004272,9875,5243006,3364020,52996467,4687283,3324456,684184,94145,1184051,7509756,50128489,8747,22511243,15154521,51097000,3031038,240133000,18565477,105198,17968552,13938,100842,62459560,133038,160592,1717000,10232733,34490419,7170656,8976205
1987,61833,11502761,11218268,3083605,48455,1560718,31326473,3451942,42450,67845,16263900,7574586,6893500,4987736,9870234,4535263,8140073,98343809,8971359,448973,243393,4478519,10111000,174320,57849,6464732,141273488,257611,237622,500437,1264314,2755244,26550000,6545106,136716,12594145,1084035000,11019651,10696274,31529823,2249146,32324325,376654,324893,2872211,10269567,151456,21339,723380,10347318,77839920,490330,72370,5127024,6764624,23917897,9504129,53066229,38684815,1552221,43493283,4932123,721725,57482591,46621,90020,876863,56802050,4743500,13481406,29744,5381483,804125,943617,390173,10000595,99380,54100,8639108,121919,757506,5580500,4541804,4740000,6670568,10612741,171728917,64630,816792741,3540057,51197482,16290149,245859,4369000,56601931,2379279,3127917,122091000,15801753,21119318,4144600,8196037,67261,41351,41621690,3905163,2672173,2191023,4109703,131034,27802,16647945,1525460,3616367,370750,2626583,308275,21628,23497766,29172,3633000,10647754,203124,80503052,42153,1992274,8067758,344485,38673241,608144,2033343,34480,13020861,1870978,1036082,8120093,16525108,1245990,160500,7323969,88101628,3882943,14665037,4186905,17480921,8550,3274400,1619864,98357473,2318332,20451710,57313311,14240,3997702,37668045,3441850,19431986,10030031,3885436,184950,422341,22949430,145908000,6732131,14525660,18302587,6893896,2774789,286863,4034668,5053714,23210,7018109,5666078,107415,383654,5222840,1989776,8397804,766707,68499,11360852,10224,5408087,3474080,53964406,4843951,3407319,699522,94384,1195247,7692254,51100878,8820,23198533,15695411,51293000,3049966,242289000,19029877,105896,18437794,14589,100901,63881297,136125,161015,1753000,10628585,35230249,7385686,9293283
1988,61079,11540888,11513968,3142336,50434,1655849,31795517,3504651,44047,67058,16532200,7585317,7010036,5135956,9901664,4672852,8356305,100975321,8981446,465202,247579,4508056,10140000,179028,58347,6592787,144001542,258527,244458,517273,1301818,2812244,26895000,6593386,138187,12809025,1101630000,11424260,11031817,32444156,2311348,32975535,387963,329671,2944557,10379548,149254,22538,736479,10355276,78144619,528999,71742,5129516,6903316,24591492,9739176,54547296,38766939,1561900,44932064,4946481,722917,57836486,47117,92021,901458,56928327,4790700,13854214,29469,5554882,843050,965742,402326,10036983,98062,54800,8842575,124673,750731,5627600,4676361,4757000,6813348,10596487,175000916,66047,834489322,3524949,53075618,16651807,249740,4442000,56629288,2393534,3252672,122613000,15982510,21871442,4218400,8433798,69098,41047,42031247,4020295,2668585,2165090,4220418,133533,28095,16882189,1550262,3655049,373450,2653434,320877,24873,23961820,29235,3660000,10952395,209885,82083919,44063,1995513,8180728,347325,39362142,607413,2089714,37134,13002553,1923002,1043239,8636935,17027588,1302741,163650,7540253,90450281,3968454,14760094,4209488,17873667,8752,3283400,1678116,101474835,2368618,20909895,58845205,14490,4100729,37824487,3473898,19708323,10019610,3994331,189738,443794,23057662,146857000,7030179,15155223,18866319,7107976,2846108,294964,4152984,5119035,23466,7165295,5741235,109470,391391,5250596,1995196,8436489,800456,68755,11719071,10582,5584339,3581928,54912334,5001110,3493894,714474,94667,1204893,7871459,52053704,8883,23909954,16262533,51521000,3069099,244499000,19501225,106536,18912526,15266,100952,65313708,139366,161421,1791000,11051504,35970537,7600072,9604302
1989,61032,11777609,11827237,3227943,52448,1756043,32263561,3536469,45593,66627,16814400,7619567,7126891,5280024,9937697,4820016,8579823,103599232,8876972,481090,251849,4506653,10170000,183469,58841,6723046,146691981,259458,251514,530257,1339624,2872668,27379000,6646912,139530,13025797,1118650000,11839243,11372160,33465441,2375008,33624444,399632,335184,3018955,10486509,146937,23776,751044,10361068,78751283,563864,71242,5132594,7042937,25257672,9977377,56006573,38827764,1568131,46458913,4964371,724624,58182702,47466,94091,926622,57076711,4803300,14233874,29262,5770652,881138,988520,414138,10089498,96869,55300,9050465,127522,745665,5686200,4814137,4767000,6956300,10481719,178233223,67388,852270034,3511009,54777114,17040190,252852,4518000,56671781,2407720,3395023,123116000,16249500,22633022,4307500,8689152,70860,40852,42449038,4138408,2676605,2131525,4328914,135956,28407,17110713,1576022,3684255,377100,2666955,332901,27676,24421191,29312,3681000,11268658,216595,83697891,45814,1996870,8309531,350722,40014862,606571,2141008,39808,13059613,1976030,1051260,9094671,17535971,1359933,166898,7768995,92844353,4055265,14848907,4226901,18293514,8956,3299200,1741160,104588490,2419491,21368859,60391867,14757,4205654,37961529,3505650,19993755,10005000,4103911,194252,461870,23161458,147721000,7216028,15755944,19475609,7328600,2930901,303253,4249468,5185943,23740,7298417,5777498,111627,399492,5275942,1996351,8492964,832682,69167,12080444,11017,5768086,3686373,55795106,5149803,3585867,731444,94929,1213624,8050932,52992429,8947,24660575,16846090,51773000,3088984,246819000,19979127,107084,19388342,15900,101041,66757402,142849,161998,1827000,11523267,36740883,7813808,9902540
1990,62149,12249114,12171441,3286542,54509,1860174,32729739,3538165,47038,66696,17065100,7677850,7159000,5415415,9967379,4978496,8811034,106188642,8718289,495931,256336,4463422,10189000,187552,59326,6856244,149352145,260374,258785,537280,1377912,2939780,27791000,6715519,140671,13242132,1135185000,12267754,11715218,34614581,2440457,34271565,411594,341883,3095995,10582081,145400,25010,766614,10333355,79433029,590398,70926,5140939,7183647,25912367,10218091,57412215,38867322,1569174,48086516,4986431,728628,58512808,47594,96331,952212,57247586,4802000,14628260,29164,6041094,916808,1012280,426846,10196792,96283,55600,9263813,130482,743309,5704500,4955328,4780000,7099732,10373988,181436821,68429,870133480,3513974,56226185,17469005,254826,4660000,56719240,2424242,3560582,123537000,16348000,23402507,4391200,8973342,72412,40834,42869283,4258472,2703016,2097232,4436661,138185,28747,17329713,1603938,3697838,381850,2663151,343935,30036,24879136,29439,3696000,11598633,223215,85357874,47298,1996228,8465188,354170,40626250,606372,2184145,42538,13247649,2030140,1058775,9437553,18038321,1414692,170899,8012861,95269988,4144565,14951510,4241473,18749406,9157,3329800,1812160,107678614,2471009,21826658,61947348,15088,4313059,38110782,3537000,20293054,9983218,4213742,198375,476445,23201835,148292000,7235798,16326815,20147590,7555617,3047132,311840,4312246,5254984,24043,7397347,5768481,113893,407472,5299187,1998161,8558835,861373,69507,12446171,11552,5956859,3786940,56582821,5283728,3683966,751933,95153,1221900,8232797,53921699,9003,25459604,17438907,51892000,3109989,249623000,20510000,107505,19861956,16461,103963,68209605,146634,162866,1862000,12057039,37560525,8027253,10183113
1991,64622,12993657,12553446,3266790,56671,1970026,33193918,3505251,48375,67307,17284000,7754891,7271000,5542048,10004486,5149499,9050084,108727432,8632367,509765,261116,4371603,10194000,191126,59021,6992521,151976577,261275,266274,537284,1416731,3014624,28171682,6799978,141568,13457244,1150780000,12710008,12060729,35914825,2507772,34916766,423872,349934,3175649,10663585,144403,26213,783129,10308578,80013896,606844,70842,5154298,7325622,26554329,10460990,58752390,38966376,1561314,49821083,5013740,735473,58559311,47457,98799,978223,57424897,4835900,15039514,29212,6374329,949493,1037155,440624,10319927,96454,55500,9483270,133558,744289,5752000,5099951,4510000,7243391,10373400,184615979,69096,888054875,3534235,57375584,17942715,257797,4949000,56758521,2443689,3753433,123921000,16450500,24179598,4463600,9286976,73700,41013,43295704,4380073,2752462,2060267,4544293,140156,29108,17539633,1634517,3704134,387000,2650581,353764,31821,25336862,29624,3704000,11942819,229754,87071512,48475,1993302,8652514,363845,41190156,607105,2217918,45249,13591970,2085202,1070266,9641153,18529454,1465740,175362,8272976,97726323,4236801,15069798,4261732,19245054,9354,3495100,1893771,110730420,2523181,22283128,63508459,15474,4423007,38246193,3562110,20609150,9960235,4323410,202016,487491,23001155,148624000,7051759,16867829,20893625,7789653,3135083,320753,4337239,5326657,24386,7455936,5705378,116294,415216,5303294,1999429,8617375,885623,70439,12815219,12206,6150081,3882271,57258401,5400714,3789185,777011,95333,1229907,8417684,54840531,9053,26315013,18040438,52000470,3132050,252981000,20952000,107814,20332079,16934,104807,69670902,150778,164076,1898000,12661614,38437855,8239732,10443043
1992,68235,13981231,12968345,3247039,58888,2086639,33655151,3442810,49593,68427,17495000,7840709,7382000,5661139,10045158,5331803,9297113,111221938,8540164,523087,266134,4239154,10216000,194317,58595,7131707,154564278,262184,273963,531525,1455833,3095807,28519597,6875364,142258,13671033,1164970000,13163019,12408931,37346147,2577035,35558682,436448,359090,3257466,10733363,143912,27404,800609,10319123,80624598,615054,70970,5171370,7468551,27181094,10705667,60035536,39157685,1533091,51647768,5041992,744531,58851217,47101,101413,1004676,57580402,4873500,15463854,29379,6758838,979718,1062800,455148,10399061,97198,55300,9708544,136692,748134,5800500,5247836,4470000,7386975,10369341,187766086,69475,906021106,3558430,58260738,18458187,261057,5123000,56797087,2465362,3968198,124229000,16439095,24963953,4515400,9621504,74769,41361,43747962,4502363,2821862,2022729,4651004,141925,29497,17740637,1667121,3700114,392175,2614338,362459,32892,25791494,29863,3706000,12301336,236190,88828310,49378,1988659,8868263,367618,41711465,608516,2243502,47919,14071231,2141445,1084441,9729717,19012724,1513721,179799,8549424,100221563,4331277,15184166,4286401,19773772,9544,3531700,1983277,113747135,2576018,22737056,65075486,15894,4535520,38363667,3585176,20937404,9952494,4432736,205266,495517,22794284,148689000,6701851,17378833,21701476,8029725,3230698,329953,4331332,5400331,24749,7488544,5599814,118816,422763,5305016,1996498,8668067,906034,70763,13187085,12968,6349089,3973327,57837878,5502976,3899843,805435,95496,1237487,8603225,55748875,9109,27219619,18652889,52150266,3154855,256514000,21449000,108003,20799075,17344,105712,71130448,155243,165570,1932000,13325583,39360225,8452275,10682868
1993,72504,15095099,13403734,3227287,60971,2207405,34110917,3363098,50720,69938,17667000,7905633,7495000,5771398,10084475,5521763,9552476,113695139,8472313,536213,271165,4087999,10239000,197616,58910,7273825,157132682,263089,281751,523117,1494693,3181222,28833410,6938265,142819,13882668,1178440000,13622731,12758881,38833595,2648507,36195168,449274,369014,3341004,10794135,144299,28646,818751,10329855,81156363,618495,71210,5188628,7611465,27786259,10951202,61275601,39361262,1494128,53532956,5066447,755026,59106768,46640,103934,1031504,57718614,4911100,15896432,29623,7163236,1008358,1088569,470610,10460415,98305,55200,9938692,139818,753484,5901000,5398805,4640000,7530705,10357523,190879523,69656,924057817,3576261,58991218,19011917,263725,5261000,56831821,2488782,4189431,124536000,16330419,25754114,4516700,9968275,75719,41846,44194628,4623280,2900854,2000248,4755289,143565,29919,17928576,1700362,3682613,397475,2563290,370345,33238,26237417,30138,3701000,12675460,242459,90600453,50048,1984028,9105472,371308,42209778,610170,2263200,50602,14636995,2199791,1097374,9755857,19494967,1559983,184496,8842415,102761737,4426580,15290368,4311991,20321175,9719,3572200,2072111,116749560,2629644,23184228,66650247,16342,4651169,38461408,3615497,21265834,9964675,4541902,208345,501566,22763280,148520000,6299909,17859750,22535937,8272170,3313471,339456,4307299,5474000,25141,7519811,5490915,121407,430039,5325305,1991746,8718561,924025,72253,13564167,13789,6555603,4064926,58364891,5594114,4010789,833611,95644,1244407,8784888,56653729,9156,28149328,19275422,52179210,3178155,259919000,21942000,108092,21263443,17703,106578,72560427,159814,167207,1965000,14017239,40300161,8669168,10905756
1994,76700,16172719,13841301,3207536,62677,2328686,34558115,3283660,51803,71719,17855000,7936118,7597000,5871607,10115603,5714220,9816588,116182267,8443591,549588,275895,3948816,10227000,201674,59320,7418861,159705123,264015,289525,516503,1532622,3267670,29111906,6993795,143384,14091389,1191835000,14083611,13109660,40273701,2722497,36823537,462277,379156,3425690,10850585,144630,30055,837110,10333587,81438348,622366,71373,5206180,7753052,28362253,11196479,62495745,39549108,1462514,55431123,5088333,765667,59327192,46250,106057,1058663,57865745,4861600,16330174,29895,7544291,1036829,1113541,487140,10512922,99405,55500,10172297,142802,758342,6035400,5552625,4650000,7674911,10343355,193945272,69818,942204249,3590386,59725125,19597239,266021,5399000,56843400,2513049,4395953,124961000,16095199,26548486,4515100,10315376,76671,42373,44641540,4740380,2974640,2012885,4855003,145247,30365,18098348,1732257,3657144,402925,2520742,377960,33098,26667048,30427,3691000,13066543,248433,92349147,50575,1981703,9353385,374797,42712223,611389,2280496,53380,15217044,2261403,1112846,9796976,19986894,1606718,189482,9151763,105355783,4520725,15382838,4336613,20867130,9863,3620000,2148428,119769556,2684183,23619356,68236230,16806,4770606,38542652,3649237,21577982,9991525,4651225,211579,507095,22730211,148336000,6005095,18311090,23347885,8512173,3419048,349225,4283621,5544945,25516,7583954,5431738,123973,437037,5346331,1989443,8780745,941774,74205,13949697,14597,6772133,4163642,58901666,5679832,4115099,856684,95833,1250318,8956596,57564132,9190,29070615,19907634,51921041,3201607,263126000,22377000,108129,21726352,18052,107318,73925082,164208,168788,1997000,14692686,41218901,8896109,11116948
1995,80324,17099541,14268994,3187784,63850,2448820,34994814,3217342,52868,73619,18072000,7948278,7685000,5962058,10136811,5905558,10089878,118706871,8406067,563699,280150,3843712,10194000,206963,59746,7566714,162296612,264959,297192,514877,1569094,3352767,29354000,7040687,144046,14296613,1204855000,14540820,13460994,41595744,2799255,37441977,475394,389127,3510926,10906043,145139,31672,855384,10327253,81678051,630388,71368,5233373,7892423,28904298,11440583,63714386,39724050,1436634,57309880,5107790,775498,59541899,46040,107556,1086137,58019030,4734000,16760467,30147,7871173,1066223,1137122,504871,10562153,100255,55800,10408489,145561,761291,6156100,5709051,4669000,7819806,10328965,196957849,70070,960482795,3608841,60575644,20208387,267468,5545000,56844303,2537440,4572904,125439000,15815626,27346456,4560400,10653558,77730,42891,45092991,4851923,3033394,2073482,4948798,147044,30833,18247121,1761359,3629102,408625,2485056,385686,32712,27075232,30691,3675099,13475400,254082,94045579,51015,1983252,9604450,377419,43237792,611712,2298039,56278,15759132,2327075,1122457,9909088,20495597,1655359,193816,9477333,108011465,4612228,15459006,4359184,21396384,9970,3673400,2204283,122829148,2739730,24038760,69835715,17253,4894276,38594998,3683103,21862299,10026176,4760850,215196,513455,22684270,148375726,5928078,18735841,24102986,8746606,3524506,359225,4274819,5611115,25877,7704894,5459519,126454,443724,5361999,1989872,8826939,960792,75304,14345492,15332,7000722,4274024,59491790,5764712,4207840,871447,96076,1255001,9113975,58486381,9230,29960776,20550291,51512299,3224804,266278000,22785000,108122,22188667,18427,107818,75198977,168235,170157,2029000,15320653,42088165,9137077,11320346
1996,83200,17822884,14682284,3168033,64360,2571020,35419682,3168215,53929,75628,18311000,7959017,7763000,6041112,10156637,6094259,10372745,121269645,8362826,578668,283790,3780378,10160000,213676,60129,7717443,164913306,265942,304699,519282,1604060,3435821,29671900,7071850,144829,14497826,1217550000,14995249,13812472,42770544,2879222,38049038,488627,398773,3596732,10961012,146306,33536,873423,10315241,81914831,643682,71145,5263074,8029113,29411415,11683479,64933456,39889852,1415594,59155148,5124573,784476,59753100,46058,108344,1113994,58166950,4616100,17185608,30382,8132552,1096708,1159060,523999,10608800,100796,55900,10646674,148060,761861,6435500,5867849,4494000,7965553,10311238,199914831,70431,978893217,3637510,61583089,20845893,268916,5692000,56860281,2561993,4716373,125757000,15577894,28147734,4628400,10980273,78907,43373,45524681,4957180,3070960,2191179,5035884,149004,31325,18372120,1787273,3601613,414225,2457222,393567,32102,27460603,30967,3667748,13902688,259327,95687452,51401,1989443,9856810,379905,43793310,611003,2316567,59364,16248232,2397245,1133996,10109789,21023321,1706489,197564,9819964,110732904,4700779,15530498,4381336,21903379,10033,3732000,2236666,125938339,2796344,24441074,71446107,17691,5022437,38624370,3724655,22113548,10063945,4870694,219283,522304,22619004,148160042,6115168,19131578,24786190,8974077,3670704,369469,4282350,5671925,26209,7892389,5591114,128821,450036,5373361,1988628,8840998,981764,76417,14755286,15966,7241134,4398238,60151472,5849540,4287344,875916,96369,1258364,9256037,59423208,9256,30811854,21202118,51057189,3248035,269394000,23225000,108075,22650102,18833,108095,76372719,171801,171283,2059000,15889449,42898520,9394304,11518262
1997,85451,18381605,15088981,3148281,64327,2700010,35833969,3133086,54941,77739,18517000,7968041,7838250,6112097,10181245,6281639,10665546,123854640,8312068,594930,286970,3752431,10117000,221606,60497,7870855,167545164,266945,312038,528754,1637635,3517309,29987200,7088906,145715,14694835,1230075000,15445986,14165423,43830146,2962470,38645411,501953,408175,3682725,11013983,146956,35597,891192,10304131,82034771,660953,70753,5284991,8163472,29886839,11924993,66151117,40057389,1399535,60976450,5139835,792860,59964851,46251,108502,1142324,58316954,4531600,17608812,30594,8337988,1128169,1179727,544636,10661259,101122,56000,10887634,150303,760510,6489300,6028882,4572000,8111951,10290486,202826465,70869,997405318,3674171,62710557,21509291,271128,5836000,56890372,2586827,4832267,126057000,15333703,28954114,4696400,11295880,80184,43846,45953580,5056519,3092670,2358469,5117269,151086,31838,18476505,1810453,3575137,419450,2432851,401564,31304,27825901,31251,3654208,14347854,264275,97281739,51692,1999599,10114094,382791,44371525,609520,2335695,62528,16701351,2471598,1148284,10381862,21565325,1758994,201418,10180061,113522705,4786640,15610650,4405157,22389803,10056,3781300,2249773,129086987,2853941,24827406,73064764,18123,5154910,38649660,3759430,22335638,10108977,4980344,223731,534608,22553978,147915307,6522382,19505576,25410451,9196528,3796038,379947,4305455,5727755,26508,8137475,5814006,131107,455954,5383291,1985956,8846062,1003995,77319,15177456,16528,7493251,4534551,60863506,5934282,4355114,871994,96725,1260678,9384152,60372499,9277,31635251,21865931,50594105,3271010,272657000,23667000,108004,23110178,19270,108357,77453335,174999,172198,2086000,16408954,43657024,9666578,11709997
1998,87277,18863999,15504318,3128530,64142,2838145,36241590,3108684,55901,79851,18711000,7976789,7913000,6186352,10203008,6470265,10968724,126447965,8256786,613702,290060,3750485,10069000,230284,60943,8026254,170170640,267950,319222,542155,1669625,3597385,30247900,7110001,146671,14887756,1241935000,15884552,14523570,44840529,3048453,39234062,515385,417323,3767373,11064097,144472,37740,908704,10294373,82047195,680612,70290,5304219,8296375,30335732,12163885,67378056,40223509,1386156,62794151,5153498,800315,60186288,46580,108238,1171224,58487141,4487300,18036494,30801,8503297,1160944,1199915,566673,10720509,101309,56100,11133501,152277,757952,6543700,6192026,4501000,8258483,10266570,205715544,71390,1015974042,3712696,63900630,22190250,274047,5971000,56906744,2611367,4927912,126400000,15071300,29769803,4769000,11597739,81550,44317,46286503,5150763,3113951,2551062,5195502,153183,32355,18570701,1831298,3549331,424700,2410019,409837,30358,28175263,31523,3652732,14808791,269206,98821456,51925,2012057,10380835,385287,44959935,607662,2355590,65474,17136780,2549223,1160421,10704744,22113464,1810566,205279,10556549,116385750,4869626,15707209,4431464,22856305,10054,3815000,2251875,132253264,2912328,25199748,74693695,18524,5291178,38663481,3781101,22537336,10160196,5089310,228376,550430,22507344,147670692,7059813,19882458,26003542,9418393,3927213,390643,4353646,5778706,26799,8422372,6099923,133418,461560,5390516,1981629,8850974,1026009,78846,15602210,17115,7759258,4679023,61597283,6021691,4413477,865194,97135,1262542,9499395,61329590,9306,32451713,22551789,50143939,3292138,275854000,24051000,107922,23569454,19722,108537,78452897,178078,172981,1966000,16896210,44372112,9950224,11893272
1999,89005,19403676,15949766,3108778,64370,2988162,36648068,3089017,56770,81831,18926000,7992324,7982750,6278940,10226419,6664098,11282701,129029691,8210624,636545,293572,3759118,10026738,239026,61285,8182712,172759243,268922,326289,557543,1699862,3676508,30499200,7143991,147687,15076952,1252735000,16300233,14891891,45898667,3136344,39819279,528848,426285,3848723,11110004,139428,39808,926050,10283860,82100243,700099,69903,5321799,8429112,30765613,12398691,68626664,40386875,1390244,64640054,5165474,806494,60496718,46937,107816,1200773,58682466,4452500,18477612,30991,8653769,1195420,1220794,589938,10761698,101442,56100,11387203,153953,755278,6606500,6357221,4554000,8404398,10237530,208612556,71952,1034539214,3754786,65062660,22878156,277381,6125000,56916317,2634882,5014899,126631000,14928426,30600397,4840400,11883636,82966,44824,46616677,5241284,3156646,2734518,5274163,155172,32842,18669103,1850527,3524238,430475,2390482,418604,29305,28514798,31800,3647001,15282521,274484,100300579,52079,2024394,10663723,387578,45539435,606001,2376162,67755,17584869,2628803,1175267,11044356,22656286,1858042,209214,10947829,119327073,4949660,15812088,4461913,23305994,10044,3835100,2254918,135405584,2971197,25561299,76335812,18879,5430479,38660271,3800081,22731985,10217828,5196937,232952,569447,22472040,147214392,7593239,20294406,26607042,9645957,3958723,401538,4437803,5825187,27096,8720231,6405864,135886,467003,5396020,1983045,8857874,1045629,80410,16016092,17864,8041846,4825704,62306651,6114886,4466132,863269,97591,1264775,9603742,62287326,9345,33291540,23272995,49673350,3309318,279040000,24311650,107880,24028689,20188,108599,79391374,181345,173755,1762000,17378098,45058775,10239714,12064537